{"cameraMode":{"drawMode":0,"name":"Shaded","section":"Shading Mode"},"sceneLighting":false,"audioPlay":false,"sceneViewState":{"m_AlwaysRefresh":false,"showFog":true,"showSkybox":false,"showFlares":true,"showImageEffects":true,"showParticleSystems":true,"showVisualEffectGraphs":true,"m_FxEnabled":true},"in2DMode":false,"pivot":{"x":5.960464477539063e-8,"y":1.929999828338623,"z":-5.960464477539063e-8},"rotation":{"x":0.26250961422920229,"y":0.29369038343429568,"z":-0.08423709124326706,"w":0.9152892231941223},"size":1.5433579683303834,"orthographic":false}