{"cameraMode":{"drawMode":0,"name":"Shaded","section":"Shading Mode"},"sceneLighting":false,"audioPlay":false,"sceneViewState":{"showFog":true,"showMaterialUpdate":false,"showSkybox":false,"showFlares":true,"showImageEffects":true,"showParticleSystems":true},"in2DMode":false,"pivot":{"x":0.6944724321365356,"y":0.7295516133308411,"z":-0.735916018486023},"rotation":{"x":-0.05560264363884926,"y":0.8344277143478394,"z":-0.08566887676715851,"w":-0.5415754318237305},"size":2.8578836917877199,"orthographic":false}