{"cameraMode":{"drawMode":0,"name":"Shaded","section":"Shading Mode"},"sceneLighting":false,"audioPlay":false,"sceneViewState":{"showFog":true,"showMaterialUpdate":false,"showSkybox":false,"showFlares":true,"showImageEffects":true,"showParticleSystems":true},"in2DMode":false,"pivot":{"x":5.960464477539063e-8,"y":1.929999828338623,"z":-1.1920928955078126e-7},"rotation":{"x":0.2363416999578476,"y":0.5387194156646729,"z":-0.16064807772636414,"w":0.7925442457199097},"size":4.041658401489258,"orthographic":false}